<?xml version="1.0" encoding="UTF-8"?>
<classpath>
	<classpathentry kind="src" output="target/classes" path="src/main/java">
		<attributes>
			<attribute name="optional" value="true"/>
			<attribute name="maven.pomderived" value="true"/>
		</attributes>
	</classpathentry>
	<classpathentry excluding="**" kind="src" output="target/classes" path="src/main/resources">
		<attributes>
			<attribute name="maven.pomderived" value="true"/>
		</attributes>
	</classpathentry>
	<classpathentry kind="src" output="target/test-classes" path="src/test/java">
		<attributes>
			<attribute name="optional" value="true"/>
			<attribute name="maven.pomderived" value="true"/>
		</attributes>
	</classpathentry>
	<classpathentry kind="con" path="org.eclipse.jdt.launching.JRE_CONTAINER/org.eclipse.jdt.internal.debug.ui.launcher.StandardVMType/JavaSE-1.8">
		<attributes>
			<attribute name="maven.pomderived" value="true"/>
		</attributes>
	</classpathentry>
	<classpathentry kind="con" path="org.eclipse.m2e.MAVEN2_CLASSPATH_CONTAINER">
		<attributes>
			<attribute name="maven.pomderived" value="true"/>
		</attributes>
	</classpathentry>
	<classpathentry kind="lib" path="D:/lombok-1.16.2.jar"/>
	<classpathentry kind="lib" path="C:/Users/Aakash/.m2/repository/org/springframework/boot/spring-boot-test/1.4.3.RELEASE/spring-boot-test-1.4.3.RELEASE.jar">
		<attributes>
			<attribute name="maven.pomderived" value="true"/>
			<attribute name="maven.groupId" value="org.springframework.boot"/>
			<attribute name="maven.artifactId" value="spring-boot-test"/>
			<attribute name="maven.version" value="1.4.3.RELEASE"/>
			<attribute name="maven.scope" value="test"/>
		</attributes>
	</classpathentry>
	<classpathentry kind="lib" path="C:/Users/Aakash/.m2/repository/org/springframework/spring-test/4.3.5.RELEASE/spring-test-4.3.5.RELEASE.jar">
		<attributes>
			<attribute name="maven.pomderived" value="true"/>
			<attribute name="maven.groupId" value="org.springframework"/>
			<attribute name="maven.artifactId" value="spring-test"/>
			<attribute name="maven.version" value="4.3.5.RELEASE"/>
			<attribute name="maven.scope" value="test"/>
		</attributes>
	</classpathentry>
	<classpathentry kind="con" path="org.eclipse.jdt.junit.JUNIT_CONTAINER/3"/>
	<classpathentry kind="output" path="target/classes"/>
</classpath>
